<BackupInst xmlns="http://www.microsoft.com/GroupPolicy/GPOOperations/Manifest"><GPOGuid><![CDATA[{F6549D26-5B49-469F-AEC1-33BC07A2390D}]]></GPOGuid><GPODomain><![CDATA[lab.fritzdata.de]]></GPODomain><GPODomainGuid><![CDATA[{87f8e6b3-653a-44c1-8819-55cc5ae60f9a}]]></GPODomainGuid><GPODomainController><![CDATA[WIN199101.lab.fritzdata.de]]></GPODomainController><BackupTime><![CDATA[2024-05-27T07:46:41]]></BackupTime><ID><![CDATA[{01B411AB-9212-4DA7-BF03-797544C26313}]]></ID><Comment><![CDATA[Domain Controllers Audit Policy]]></Comment><GPODisplayName><![CDATA[Domain Controllers Audit Policy]]></GPODisplayName></BackupInst>
