<BackupInst xmlns="http://www.microsoft.com/GroupPolicy/GPOOperations/Manifest"><GPOGuid><![CDATA[{31506A5D-1B3A-408B-9839-7FBC1440E493}]]></GPOGuid><GPODomain><![CDATA[lab.fritzdata.de]]></GPODomain><GPODomainGuid><![CDATA[{b5bbf171-5641-49aa-b19e-a05c367d3878}]]></GPODomainGuid><GPODomainController><![CDATA[WIN199101.lab.fritzdata.de]]></GPODomainController><BackupTime><![CDATA[2024-11-11T10:14:16]]></BackupTime><ID><![CDATA[{5FFBEAC9-768F-413C-8824-B219C1A1E3A3}]]></ID><Comment><![CDATA[Domain Application Audit Policy (Applocker)]]></Comment><GPODisplayName><![CDATA[Domain Application Audit Policy (Applocker)]]></GPODisplayName></BackupInst>
