<BackupInst xmlns="http://www.microsoft.com/GroupPolicy/GPOOperations/Manifest"><GPOGuid><![CDATA[{87D51F4B-877E-4692-9B2E-622C182BB4D9}]]></GPOGuid><GPODomain><![CDATA[lab.fritzdata.de]]></GPODomain><GPODomainGuid><![CDATA[{b5bbf171-5641-49aa-b19e-a05c367d3878}]]></GPODomainGuid><GPODomainController><![CDATA[WIN199101.lab.fritzdata.de]]></GPODomainController><BackupTime><![CDATA[2024-11-11T10:00:26]]></BackupTime><ID><![CDATA[{D3B1748E-CC4E-41DF-9BFA-D98B19AFAD3C}]]></ID><Comment><![CDATA[Domain Servers Audit Policy with Global Object Access Auditing]]></Comment><GPODisplayName><![CDATA[Domain Servers Audit Policy]]></GPODisplayName></BackupInst>
