<Backups xmlns="http://www.microsoft.com/GroupPolicy/GPOOperations/Manifest" xmlns:mfst="http://www.microsoft.com/GroupPolicy/GPOOperations/Manifest" mfst:version="1.0"><BackupInst><GPOGuid><![CDATA[{F9749DB7-5903-48B6-8C3B-74AD80B316D8}]]></GPOGuid><GPODomain><![CDATA[lab.fritzdata.de]]></GPODomain><GPODomainGuid><![CDATA[{b5bbf171-5641-49aa-b19e-a05c367d3878}]]></GPODomainGuid><GPODomainController><![CDATA[WIN199101.lab.fritzdata.de]]></GPODomainController><BackupTime><![CDATA[2024-11-11T09:59:56]]></BackupTime><ID><![CDATA[{195C592C-9853-4A9E-8275-F97DD94ABF3B}]]></ID><Comment><![CDATA[Domain Controllers Audit Policy with Global Object Access Auditing]]></Comment><GPODisplayName><![CDATA[Domain Controllers Audit Policy]]></GPODisplayName></BackupInst></Backups>