<Backups xmlns="http://www.microsoft.com/GroupPolicy/GPOOperations/Manifest" xmlns:mfst="http://www.microsoft.com/GroupPolicy/GPOOperations/Manifest" mfst:version="1.0"><BackupInst><GPOGuid><![CDATA[{36DC87DD-123D-4CAA-9A99-C1B02C70A8D1}]]></GPOGuid><GPODomain><![CDATA[lab.fritzdata.de]]></GPODomain><GPODomainGuid><![CDATA[{b5bbf171-5641-49aa-b19e-a05c367d3878}]]></GPODomainGuid><GPODomainController><![CDATA[WIN199101.lab.fritzdata.de]]></GPODomainController><BackupTime><![CDATA[2024-11-11T09:59:29]]></BackupTime><ID><![CDATA[{DD9B1A29-72BF-4E1B-AAC9-3876C30C0EC9}]]></ID><Comment><![CDATA[Domain Controllers Audit Policy without Global Object Access Auditing]]></Comment><GPODisplayName><![CDATA[Domain Controllers Audit Policy (no GOAA)]]></GPODisplayName></BackupInst></Backups>