<Backups xmlns="http://www.microsoft.com/GroupPolicy/GPOOperations/Manifest" xmlns:mfst="http://www.microsoft.com/GroupPolicy/GPOOperations/Manifest" mfst:version="1.0"><BackupInst><GPOGuid><![CDATA[{59AC241F-6D6A-4FEA-BBB3-18C6068D235A}]]></GPOGuid><GPODomain><![CDATA[lab.fritzdata.de]]></GPODomain><GPODomainGuid><![CDATA[{b5bbf171-5641-49aa-b19e-a05c367d3878}]]></GPODomainGuid><GPODomainController><![CDATA[WIN199101.lab.fritzdata.de]]></GPODomainController><BackupTime><![CDATA[2024-11-11T10:00:42]]></BackupTime><ID><![CDATA[{3F8B3294-7DB6-467E-99B5-7BC9BAF6F41D}]]></ID><Comment><![CDATA[Domain Servers Audit Policy without Global Object Access Auditing]]></Comment><GPODisplayName><![CDATA[Domain Servers Audit Policy (no GOAA)]]></GPODisplayName></BackupInst></Backups>